order,tracking_id,package_company
ee854708,payment:,dhl
ee854708,payment:,dhl
2f606d21,payment:,dhl
2f606d21,payment:,dhl
2f606d21,payment:,dhl
2f606d21,payment:,dhl
2f606d21,payment:,dhl
c050003c,payment:,dhl
c050003c,payment:,dhl
c050003c,payment:,dhl
6f3db60a,payment:,dhl
6f3db60a,payment:,dhl
54ae5b30,payment:,dhl
54ae5b30,payment:,dhl
54ae5b30,payment:,dhl
54ae5b30,payment:,dhl
b76e2cf3,payment:,dhl
b76e2cf3,payment:,dhl
fe85550e,payment:,dhl
fe85550e,payment:,dhl
6d399e8b,payment:,dhl
6d399e8b,payment:,dhl
747d7a2f,payment:,dhl
747d7a2f,payment:,dhl
747d7a2f,payment:,dhl
